{
  "distillation": {
    "YL": {
      "volume": 10500107.620110773,
      "rounds": 2,
      "raw_states": 225.00269050276927
    },
    "CR": {
      "volume": 10500062.560888108,
      "rounds": 2,
      "raw_states": 225.00156402220267
    },
    "MR": {
      "volume": 12750040.219494365,
      "rounds": 2,
      "raw_states": 225.0008043898873
    },
    "Optimized": {
      "volume": 10500007.000145083,
      "rounds": 2,
      "raw_states": 225.0001750036271
    }
  }
}