{
  "YL": {
    "p2": [
      0.0005,
      0.001,
      0.002
    ],
    "p_L": [
      0.0,
      0.0,
      0.0
    ],
    "analytic": [
      0.0020671,
      0.0020674,
      0.0020686
    ],
    "p_accept": [
      0.005,
      0.001,
      0.004
    ]
  },
  "CR": {
    "p2": [
      0.0005,
      0.001,
      0.002
    ],
    "p_L": [
      0.0,
      0.0,
      0.0
    ],
    "analytic": [
      0.00208315,
      0.0020836,
      0.0020854
    ],
    "p_accept": [
      0.001,
      0.005,
      0.004
    ]
  },
  "MR": {
    "p2": [
      0.0005,
      0.001,
      0.002
    ],
    "p_L": [
      0.0,
      0.0,
      0.0
    ],
    "analytic": [
      0.0010501500000000001,
      0.0010506,
      0.0010524
    ],
    "p_accept": [
      0.004,
      0.005,
      0.003
    ]
  }
}